Workbook

Sheet LD50
E2: Test ID: | F2: 827-2251
B3: LD50 Calculator
B5: 1. Enter the challenge identification | C5: Challenge identification: | D5: Pmult Porcine IRP490
B6: 2. Enter the starting dilution | C6: Initial dilution: | D6: 1e-06
B7: 3. Enter the dilution factor | C7: Dilution factor: | D7: 10 | E7: Log(Dil Factor): | F7: =LOG(D7) -> 1
B8: 4. Enter the challenge dilution | C8: Challenge Dilution: | D8: 0.0001
B9: This is your calculated dilution series: | D9: =D6 -> 1e-06 | E9: =D9/D7 -> 1e-07 | F9: =E9/D7 -> 1e-08 | G9: =F9/D7 -> 1e-09 | H9: =G9/D7 -> 1e-10 | I9: =H9/D7 -> 1e-11 | J9: =I9/10 -> 1e-12
B10: 5. Enter the total # of animals per dilution | C10: total animals: | D10: 11 | E10: 11 | F10: 11 | G10: 11 | H10: 11 | I10: 11
B11: 6. Enter the # of deaths per dilution | C11: deaths: | D11: 11 | E11: 10 | F11: 6 | G11: 5 | H11: 3 | I11: 2
B12: These values are calculated automatically: | C12: survivors: | D12: =D10-D11 -> 0 | E12: =E10-E11 -> 1 | F12: =F10-F11 -> 5 | G12: =G10-G11 -> 6 | H12: =H10-H11 -> 8 | I12: =I10-I11 -> 9 | J12: =J10-J11 -> 0
C13: cumulative deaths (R→L): | D13: =D11+E11+F11+G11+H11+I11+J11 -> 37 | E13: =E11+F11+G11+H11+I11+J11 -> 26 | F13: =F11+G11+H11+I11+J11 -> 16 | G13: =G11+H11+I11+J11 -> 10 | H13: =H11+I11+J11 -> 5 | I13: =I11+J11 -> 2 | J13: =J11 -> 0
C14: cumulative survivors (L→R): | D14: =D12 -> 0 | E14: =D12+E12 -> 1 | F14: =D12+E12+F12 -> 6 | G14: =D12+E12+F12+G12 -> 12 | H14: =D12+E12+F12+G12+H12 -> 20 | I14: =D12+E12+F12+G12+H12+I12 -> 29 | J14: =D12+E12+F12+G12+H12+I12+J12 -> 29
C15: % infected: | D15: =100*D13/(D13+D14) -> 100 | E15: =100*E13/(E13+E14) -> 96.296296 | F15: =100*F13/(F13+F14) -> 72.727273 | G15: =100*G13/(G13+G14) -> 45.454545 | H15: =100*H13/(H13+H14) -> 20 | I15: =100*I13/(I13+I14) -> 6.4516129 | J15: =100*J13/(J13+J14) -> 0
C16: prop dist: | D16: =IF(D15=100,IF(E15<51,(D15-50)/(D15-E15),0),IF(D15=0,0,IF(E15<51,(D15-50)/(D15-E15),0))) -> 0 | E16: =IF(E15=100,IF(F15<51,(E15-50)/(E15-F15),0),IF(E15=0,0,IF(F15<51,(E15-50)/(E15-F15),0))) -> 0 | F16: =IF(F15=100,IF(G15<51,(F15-50)/(F15-G15),0),IF(F15=0,0,IF(G15<51,(F15-50)/(F15-G15),0))) -> 0.83333333 | G16: =IF(G15=100,IF(H15<51,(G15-50)/(G15-H15),0),IF(G15=0,0,IF(H15<51,(G15-50)/(G15-H15),0))) -> -0.17857143 | H16: =IF(H15=100,IF(I15<51,(H15-50)/(H15-I15),0),IF(H15=0,0,IF(I15<51,(H15-50)/(H15-I15),0))) -> -2.2142857 | I16: =IF(I15=100,IF(J15<51,(I15-50)/(I15-J15),0),IF(I15=0,0,IF(J15<51,(I15-50)/(I15-J15),0))) -> -6.75 | J16: =IF(J15=100,IF(K15<51,(J15-50)/(J15-K15),0),IF(J15=0,0,IF(K15<51,(J15-50)/(J15-K15),0))) -> 0
B17: 7. This is the inverse of the LD50 | C17: 1/LD50: | D17: =IF(D16>0,10^(D16)*1/D9," ") | E17: =IF(E16>0,10^(E16)*1/E9," ") | F17: =IF(F16>0,(10^F16)*1/F9," ") -> 6.8129207e+08 | G17: =IF(G16>0,(10^G16)*1/G9," ") | H17: =IF(H16>0,(10^H16)*1/H9," ") | I17: =IF(I16>0,(10^I16)*1/I9," ") | J17: =IF(J16>0,(10^J16)*1/J9," ")
B18: 8. This is the LD50 Received Per Animal | C18: LD50/animal (scientific): | D18: =IF(D16>0,D17/(1/$D$8)," ") | E18: =IF(E16>0,E17/(1/$D$8)," ") | F18: =IF(F16>0,F17/(1/$D$8)," ") -> 68129.207 | G18: =IF(G16>0,G17/(1/$D$8)," ") | H18: =IF(H16>0,H17/(1/$D$8)," ") | I18: =IF(I16>0,I17/(1/$D$8)," ") | J18: =IF(J16>0,J17/(1/$D$8)," ")
C19: LD50/animal (general format): | D19: =IF(D16>0,D17/(1/D8)," ") | E19: =IF(E16>0,E17/(1/D8)," ") | F19: =IF(F16>0,F17/(1/D8)," ") -> 68129.207 | G19: =IF(G16>0,G17/(1/D8)," ") | H19: =IF(H16>0,H17/(1/D8)," ")
B23: 9. Values for TWS | C23: *Final Number | D23: =IF(D16>0,LOG(D7)*D16," ") | E23: =IF(E16>0,LOG(D7)*E16," ") | F23: =IF(F16>0,LOG(D7)*F16," ") -> 0.83333333 | G23: =IF(G16>0,LOG(D7)*G16," ") | H23: =IF(H16>0,LOG(D7)*H16," ") | I23: =IF(I16>0,LOG(D7)*I16," ")
C24: Inverse Log(Fin Num) | D24: =IF(D16>0,10^(D23)," ") | E24: =IF(E16>0,10^(E23)," ") | F24: =IF(F16>0,10^(F23)," ") -> 6.8129207 | G24: =IF(G16>0,10^(G23)," ") | H24: =IF(H16>0,10^(H23)," ") | I24: =IF(I16>0,10^(I23)," ")
C27: *Final Number = prop dist X Log(Dil Factor)

Sheet PD50 Ref
E2: Test ID: | F2: ='LD50'!F2 -> 827-2251
B3: PD50 Reference Calculator
B5: 1. Enter the reference name | C5: Reference: | D5: Pmult Por IRP 573
B6: 2. Enter the starting dilution | C6: Initial dilution: | D6: 1
B7: 3. Enter the dilution factor | C7: Dilution factor: | D7: 5 | E7: Log(dil factor): | F7: =LOG(D7) -> 0.69897
B8: This is your calculated dilution series: | D8: =D6 -> 1 | E8: =D8*D7 -> 5 | F8: =E8*D7 -> 25 | G8: =F8*D7 -> 125 | H8: =G8*D7 -> 625 | I8: =H8*D7 -> 3125
B9: 4. Enter the total # of animals per dilution | C9: total animals: | D9: 25 | E9: 24 | F9: 23
B10: 5. Enter the # of survivors per dilution | C10: survivors: | D10: 16 | E10: 12 | F10: 8
B11: These values are calculated automatically: | C11: deaths: | D11: =D9-D10 -> 9 | E11: =E9-E10 -> 12 | F11: =F9-F10 -> 15 | G11: =G9-G10 -> 0 | H11: =H9-H10 -> 0 | I11: =I9-I10 -> 0
C12: cumulative survivors (R→L): | D12: =D10+E10+F10+G10+H10+I10 -> 36 | E12: =E10+F10+G10+H10+I10 -> 20 | F12: =F10+G10+H10+I10 -> 8 | G12: =G10+H10+I10 -> 0 | H12: =H10+I10 -> 0 | I12: =I10 -> 0
C13: cumulative deaths (L→R): | D13: =D11 -> 9 | E13: =D11+E11 -> 21 | F13: =D11+E11+F11 -> 36 | G13: =D11+E11+F11+G11 -> 36 | H13: =D11+E11+F11+G11+H11 -> 36 | I13: =D11+E11+F11+G11+H11+I11 -> 36
C14: % survival: | D14: =100*D12/(D12+D13) -> 80 | E14: =100*E12/(E12+E13) -> 48.780488 | F14: =100*F12/(F12+F13) -> 18.181818 | G14: =100*G12/(G12+G13) -> 0 | H14: =100*H12/(H12+H13) -> 0 | I14: =100*I12/(I12+I13) -> 0
C15: prop dist: | D15: =IF(D14=100,IF(E14<51,(D14-50)/(D14-E14),0),IF(D14=0,0,IF(E14<51,(D14-50)/(D14-E14),0))) -> 0.9609375 | E15: =IF(E14=100,IF(F14<51,(E14-50)/(E14-F14),0),IF(E14=0,0,IF(F14<51,(E14-50)/(E14-F14),0))) -> -0.039855072 | F15: =IF(F14=100,IF(G14<51,(F14-50)/(F14-G14),0),IF(F14=0,0,IF(G14<51,(F14-50)/(F14-G14),0))) -> -1.75 | G15: =IF(G14=100,IF(H14<51,(G14-50)/(G14-H14),0),IF(G14=0,0,IF(H14<51,(G14-50)/(G14-H14),0))) -> 0 | H15: =IF(H14=100,IF(I14<51,(H14-50)/(H14-I14),0),IF(H14=0,0,IF(I14<51,(H14-50)/(H14-I14),0))) -> 0 | I15: =IF(I14=100,IF(J14<51,(I14-50)/(I14-J14),0),IF(I14=0,0,IF(J14<51,(I14-50)/(I14-J14),0))) -> 0
B16: 6. This is the inverse of the PD50 | C16: 1/PD50 (scientific): | D16: =IF(D15>0,IF(E14<51,IF(E9>0,10^(LOG(D7)*D15)*D8," ")," ")," ") -> 4.695334 | E16: =IF(E15>0,IF(F14<51,IF(F9>0,10^(LOG(D7)*E15)*E8," ")," ")," ") | F16: =IF(F15>0,IF(G14<51,IF(G9>0,10^(LOG(D7)*F15)*F8," ")," ")," ") | G16: =IF(G15>0,IF(H14<51,IF(H9>0,10^(LOG(D7)*G15)*G8," ")," ")," ") | H16: =IF(H15>0,IF(G14<51,IF(G9>0,10^(LOG(D7)*H15)*H8," ")," ")," ")
B21: 7. Values for TWS | C21: *Final Number | D21: =IF(D15>0,IF(E14<51,IF(E9>0,LOG(D7)*D15," ")," ")," ") -> 0.67166649 | E21: =IF(E15>0,IF(F14<51,IF(F9>0,LOG(D7)*E15," ")," ")," ") | F21: =IF(F15>0,IF(G14<51,IF(G9>0,LOG(D7)*F15," ")," ")," ") | G21: =IF(G15>0,IF(H14<51,IF(H9>0,LOG(D7)*G15," ")," ")," ") | H21: =IF(H15>0,IF(I14<51,IF(I9>0,LOG(D7)*H15," ")," ")," ")
C22: Inverse Log(Fin Num) | D22: =IF(D15>0,IF(E14<51,IF(E9>0,10^(D21)," ")," ")," ") -> 4.695334 | E22: =IF(E15>0,IF(F14<51,IF(F9>0,10^(E21)," ")," ")," ") | F22: =IF(F15>0,IF(G14<51,IF(G9>0,10^(F21)," ")," ")," ") | G22: =IF(G15>0,IF(H14<51,IF(H9>0,10^(G21)," ")," ")," ") | H22: =IF(H15>0,IF(I14<51,IF(I9>0,10^(H21)," ")," ")," ")
C25: *Final Number = prop dist X Log(Dil Factor)

Sheet PD50 Serial
E2: Test ID: | F2: ='LD50'!F2 -> 827-2251
B3: PD50 Serial Calculator
B5: 1. Enter the serial being tested | C5: Unknown Serial: | D5: Firm 196, ser# C810737A
B6: 2. Enter the starting dilution | C6: Initial dilution: | D6: 1
B7: 3. Enter the dilution factor | C7: Dilution factor: | D7: 10 | E7: Log(dil factor): | F7: =LOG(D7) -> 1
B8: This is your calculated dilution series: | D8: =D6 -> 1 | E8: =D8*D7 -> 10 | F8: =E8*D7 -> 100 | G8: =F8*D7 -> 1000 | H8: =G8*D7 -> 10000 | I8: =H8*D7 -> 100000
B9: 4. Enter the total # of animals per dilution | C9: total animals: | D9: 11 | E9: 11 | F9: 11 | G9: 11 | H9: 11 | I9: 11
B10: 5. Enter the # of survivors per dilution | C10: survivors: | D10: 11 | E10: 10 | F10: 6 | G10: 5 | H10: 3 | I10: 2
B11: These values are calculated automatically: | C11: deaths: | D11: =D9-D10 -> 0 | E11: =E9-E10 -> 1 | F11: =F9-F10 -> 5 | G11: =G9-G10 -> 6 | H11: =H9-H10 -> 8 | I11: =I9-I10 -> 9
C12: cumulative survivors (R→L): | D12: =D10+E10+F10+G10+H10+I10 -> 37 | E12: =E10+F10+G10+H10+I10 -> 26 | F12: =F10+G10+H10+I10 -> 16 | G12: =G10+H10+I10 -> 10 | H12: =H10+I10 -> 5 | I12: =I10 -> 2
C13: cumulative deaths (L→R): | D13: =D11 -> 0 | E13: =D11+E11 -> 1 | F13: =D11+E11+F11 -> 6 | G13: =D11+E11+F11+G11 -> 12 | H13: =D11+E11+F11+G11+H11 -> 20 | I13: =D11+E11+F11+G11+H11+I11 -> 29
C14: % survival: | D14: =100*(D12/(D12+D13)) -> 100 | E14: =100*E12/(E12+E13) -> 96.296296 | F14: =100*F12/(F12+F13) -> 72.727273 | G14: =100*G12/(G12+G13) -> 45.454545 | H14: =100*H12/(H12+H13) -> 20 | I14: =100*I12/(I12+I13) -> 6.4516129
C15: prop dist: | D15: =IF(D14=100,IF(E14<51,(D14-50)/(D14-E14),0),IF(D14=0,0,IF(E14<51,(D14-50)/(D14-E14),0))) -> 0 | E15: =IF(E14=100,IF(F14<51,(E14-50)/(E14-F14),0),IF(E14=0,0,IF(F14<51,(E14-50)/(E14-F14),0))) -> 0 | F15: =IF(F14=100,IF(G14<51,(F14-50)/(F14-G14),0),IF(F14=0,0,IF(G14<51,(F14-50)/(F14-G14),0))) -> 0.83333333 | G15: =IF(G14=100,IF(H14<51,(G14-50)/(G14-H14),0),IF(G14=0,0,IF(H14<51,(G14-50)/(G14-H14),0))) -> -0.17857143 | H15: =IF(H14=100,IF(I14<51,(H14-50)/(H14-I14),0),IF(H14=0,0,IF(I14<51,(H14-50)/(H14-I14),0))) -> -2.2142857 | I15: =IF(I14=100,IF(J14<51,(I14-50)/(I14-J14),0),IF(I14=0,0,IF(J14<51,(I14-50)/(I14-J14),0))) -> -6.75
B16: 6. This is the inverse of the PD50 | C16: 1/PD50: | D16: =IF(D15>0,IF(E14<51,IF(E9>0,10^(LOG(D7)*D15)*D8," ")," ")," ") | E16: =IF(E15>0,IF(F14<51,IF(F9>0,10^(LOG(D7)*E15)*E8," ")," ")," ") | F16: =IF(F15>0,IF(G14<51,IF(G9>0,10^(LOG(D7)*F15)*F8," ")," ")," ") -> 681.29207 | G16: =IF(G15>0,IF(H14<51,IF(H9>0,10^(LOG(D7)*G15)*G8," ")," ")," ") | H16: =IF(H15>0,IF(I14<51,IF(I9>0,10^(LOG(D7)*H15)*H8," ")," ")," ")
B18: 7. This is the Relative Potency (RP) | C18: RP: | D18: =IF(SUM('PD50 Serial'!D16:I16)>0,IF(SUM('PD50 Ref'!D16:I16)>0,(SUM('PD50 Serial'!D16:I16))/(SUM('PD50 Ref'!D16:I16))," ")," ") -> 145.09981
B21: 8. Values for TWS | C21: *Final Number | D21: =IF(D15>0,IF(E14<51,IF(E9>0,LOG(D7)*D15," ")," ")," ") | E21: =IF(E15>0,IF(F14<51,IF(F9>0,LOG(D7)*E15," ")," ")," ") | F21: =IF(F15>0,IF(G14<51,IF(G9>0,LOG(D7)*F15," ")," ")," ") -> 0.83333333 | G21: =IF(G15>0,IF(H14<51,IF(H9>0,LOG(D7)*G15," ")," ")," ") | H21: =IF(H15>0,IF(I14<51,IF(I9>0,LOG(D7)*H15," ")," ")," ")
C22: Inverse Log(Fin Num) | D22: =IF(D15>0,IF(E14<51,IF(E9>0,10^(D21)," ")," ")," ") | E22: =IF(E15>0,IF(F14<51,IF(F9>0,10^(E21)," ")," ")," ") | F22: =IF(F15>0,IF(G14<51,IF(G9>0,10^(F21)," ")," ")," ") -> 6.8129207 | G22: =IF(G15>0,IF(H14<51,IF(H9>0,10^(G21)," ")," ")," ") | H22: =IF(H15>0,IF(I14<51,IF(I9>0,10^(H21)," ")," ")," ") | I22: =IF(I15>0,IF(J14<51,IF(J9>0,10^(I21)," ")," ")," ")
C26: *Final Number = prop dist X Log(Dil Factor)

Sheet PD50 Serial2
E2: Test ID: | F2: ='LD50'!F2 -> 827-2251
B3: PD50 Serial Calculator
B5: 1. Enter the serial being tested | C5: Unknown Serial: | D5: Firm 290 ser# 25029
B6: 2. Enter the starting dilution | C6: Initial dilution: | D6: 1
B7: 3. Enter the dilution factor | C7: Dilution factor: | D7: 5 | E7: Log(dil factor): | F7: =LOG(D7) -> 0.69897
B8: This is your calculated dilution series: | D8: =D6 -> 1 | E8: =D8*D7 -> 5 | F8: =E8*D7 -> 25 | G8: =F8*D7 -> 125 | H8: =G8*D7 -> 625 | I8: =H8*D7 -> 3125
B9: 4. Enter the total # of animals per dilution | C9: total animals: | D9: 20 | E9: 20 | F9: 20
B10: 5. Enter the # of survivors per dilution | C10: survivors: | D10: 9 | E10: 4 | F10: 2
B11: These values are calculated automatically: | C11: deaths: | D11: =D9-D10 -> 11 | E11: =E9-E10 -> 16 | F11: =F9-F10 -> 18 | G11: =G9-G10 -> 0 | H11: =H9-H10 -> 0 | I11: =I9-I10 -> 0
C12: cumulative survivors (R→L): | D12: =D10+E10+F10+G10+H10+I10 -> 15 | E12: =E10+F10+G10+H10+I10 -> 6 | F12: =F10+G10+H10+I10 -> 2 | G12: =G10+H10+I10 -> 0 | H12: =H10+I10 -> 0 | I12: =I10 -> 0
C13: cumulative deaths (L→R): | D13: =D11 -> 11 | E13: =D11+E11 -> 27 | F13: =D11+E11+F11 -> 45 | G13: =D11+E11+F11+G11 -> 45 | H13: =D11+E11+F11+G11+H11 -> 45 | I13: =D11+E11+F11+G11+H11+I11 -> 45
C14: % survival: | D14: =100*D12/(D12+D13) -> 57.692308 | E14: =100*E12/(E12+E13) -> 18.181818 | F14: =100*F12/(F12+F13) -> 4.2553191 | G14: =100*G12/(G12+G13) -> 0 | H14: =100*H12/(H12+H13) -> 0 | I14: =100*I12/(I12+I13) -> 0
C15: prop dist: | D15: =IF(D14=100,IF(E14<51,(D14-50)/(D14-E14),0),IF(D14=0,0,IF(E14<51,(D14-50)/(D14-E14),0))) -> 0.19469027 | E15: =IF(E14=100,IF(F14<51,(E14-50)/(E14-F14),0),IF(E14=0,0,IF(F14<51,(E14-50)/(E14-F14),0))) -> -2.2847222 | F15: =IF(F14=100,IF(G14<51,(F14-50)/(F14-G14),0),IF(F14=0,0,IF(G14<51,(F14-50)/(F14-G14),0))) -> -10.75 | G15: =IF(G14=100,IF(H14<51,(G14-50)/(G14-H14),0),IF(G14=0,0,IF(H14<51,(G14-50)/(G14-H14),0))) -> 0 | H15: =IF(H14=100,IF(I14<51,(H14-50)/(H14-I14),0),IF(H14=0,0,IF(I14<51,(H14-50)/(H14-I14),0))) -> 0 | I15: =IF(I14=100,IF(J14<51,(I14-50)/(I14-J14),0),IF(I14=0,0,IF(J14<51,(I14-50)/(I14-J14),0))) -> 0
B16: 6. This is the inverse of the PD50 | C16: 1/PD50: | D16: =IF(D15>0,IF(E14<51,IF(E9>0,10^(LOG(D7)*D15)*D8," ")," ")," ") -> 1.3679892 | E16: =IF(E15>0,IF(F14<51,IF(F9>0,10^(LOG(D7)*E15)*E8," ")," ")," ") | F16: =IF(F15>0,IF(G14<51,IF(G9>0,10^(LOG(D7)*F15)*F8," ")," ")," ") | G16: =IF(G15>0,IF(H14<51,IF(H9>0,10^(LOG(D7)*G15)*G8," ")," ")," ") | H16: =IF(H15>0,IF(I14<51,IF(I9>0,10^(LOG(D7)*H15)*H8," ")," ")," ")
B18: 7. This is the Relative Potency (RP) | C18: RP: | D18: =IF(SUM('PD50 Serial2'!D16:I16)>0,IF(SUM('PD50 Ref'!D16:I16)>0,(SUM('PD50 Serial2'!D16:I16))/(SUM('PD50 Ref'!D16:I16))," ")," ") -> 0.29135077
B21: 8. Values for TWS | C21: *Final Number | D21: =IF(D15>0,IF(E14<51,IF(E9>0,LOG(D7)*D15," ")," ")," ") -> 0.13608266 | E21: =IF(E15>0,IF(F14<51,IF(F9>0,LOG(D7)*E15," ")," ")," ") | F21: =IF(F15>0,IF(G14<51,IF(G9>0,LOG(D7)*F15," ")," ")," ") | G21: =IF(G15>0,IF(H14<51,IF(H9>0,LOG(D7)*G15," ")," ")," ") | H21: =IF(H15>0,IF(I14<51,IF(I9>0,LOG(D7)*H15," ")," ")," ")
C22: Inverse Log(Fin Num) | D22: =IF(D15>0,IF(E14<51,IF(E9>0,10^(D21)," ")," ")," ") -> 1.3679892 | E22: =IF(E15>0,IF(F14<51,IF(F9>0,10^(E21)," ")," ")," ") | F22: =IF(F15>0,IF(G14<51,IF(G9>0,10^(F21)," ")," ")," ") | G22: =IF(G15>0,IF(H14<51,IF(H9>0,10^(G21)," ")," ")," ") | H22: =IF(H15>0,IF(I14<51,IF(I9>0,10^(H21)," ")," ")," ")
C26: *Final Number = prop dist X Log(Dil Factor)

Sheet PD50 Serial3
E2: Test ID: | F2: ='LD50'!F2 -> 827-2251
B3: PD50 Serial Calculator
B5: 1. Enter the serial being tested | C5: Unknown Serial:
B6: 2. Enter the starting dilution | C6: Initial dilution:
B7: 3. Enter the dilution factor | C7: Dilution factor: | E7: Log(dil factor): | F7: =LOG(D7) -> #NUM!
B8: This is your calculated dilution series: | D8: =D6 -> 0 | E8: =D8*D7 -> 0 | F8: =E8*D7 -> 0 | G8: =F8*D7 -> 0 | H8: =G8*D7 -> 0 | I8: =H8*D7 -> 0
B9: 4. Enter the total # of animals per dilution | C9: total animals:
B10: 5. Enter the # of survivors per dilution | C10: survivors:
B11: These values are calculated automatically: | C11: deaths: | D11: =D9-D10 -> 0 | E11: =E9-E10 -> 0 | F11: =F9-F10 -> 0 | G11: =G9-G10 -> 0 | H11: =H9-H10 -> 0 | I11: =I9-I10 -> 0
C12: cumulative survivors (R→L): | D12: =D10+E10+F10+G10+H10+I10 -> 0 | E12: =E10+F10+G10+H10+I10 -> 0 | F12: =F10+G10+H10+I10 -> 0 | G12: =G10+H10+I10 -> 0 | H12: =H10+I10 -> 0 | I12: =I10 -> 0
C13: cumulative deaths (L→R): | D13: =D11 -> 0 | E13: =D11+E11 -> 0 | F13: =D11+E11+F11 -> 0 | G13: =D11+E11+F11+G11 -> 0 | H13: =D11+E11+F11+G11+H11 -> 0 | I13: =D11+E11+F11+G11+H11+I11 -> 0
C14: % survival: | D14: =100*D12/(D12+D13) -> #DIV/0! | E14: =100*E12/(E12+E13) -> #DIV/0! | F14: =100*F12/(F12+F13) -> #DIV/0! | G14: =100*G12/(G12+G13) -> #DIV/0! | H14: =100*H12/(H12+H13) -> #DIV/0! | I14: =100*I12/(I12+I13) -> #DIV/0!
C15: prop dist: | D15: =IF(D14=100,IF(E14<51,(D14-50)/(D14-E14),0),IF(D14=0,0,IF(E14<51,(D14-50)/(D14-E14),0))) -> #DIV/0! | E15: =IF(E14=100,IF(F14<51,(E14-50)/(E14-F14),0),IF(E14=0,0,IF(F14<51,(E14-50)/(E14-F14),0))) -> #DIV/0! | F15: =IF(F14=100,IF(G14<51,(F14-50)/(F14-G14),0),IF(F14=0,0,IF(G14<51,(F14-50)/(F14-G14),0))) -> #DIV/0! | G15: =IF(G14=100,IF(H14<51,(G14-50)/(G14-H14),0),IF(G14=0,0,IF(H14<51,(G14-50)/(G14-H14),0))) -> #DIV/0! | H15: =IF(H14=100,IF(I14<51,(H14-50)/(H14-I14),0),IF(H14=0,0,IF(I14<51,(H14-50)/(H14-I14),0))) -> #DIV/0! | I15: =IF(I14=100,IF(J14<51,(I14-50)/(I14-J14),0),IF(I14=0,0,IF(J14<51,(I14-50)/(I14-J14),0))) -> #DIV/0!
B16: 6. This is the inverse of the PD50 | C16: 1/PD50: | D16: =IF(D15>0,IF(E14<51,IF(E9>0,10^(LOG(D7)*D15)*D8," ")," ")," ") -> #DIV/0! | E16: =IF(E15>0,IF(F14<51,IF(F9>0,10^(LOG(D7)*E15)*E8," ")," ")," ") -> #DIV/0! | F16: =IF(F15>0,IF(G14<51,IF(G9>0,10^(LOG(D7)*F15)*F8," ")," ")," ") -> #DIV/0! | G16: =IF(G15>0,IF(H14<51,IF(H9>0,10^(LOG(D7)*G15)*G8," ")," ")," ") -> #DIV/0! | H16: =IF(H15>0,IF(I14<51,IF(I9>0,10^(LOG(D7)*H15)*H8," ")," ")," ") -> #DIV/0!
B18: 7. This is the Relative Potency (RP) | C18: RP: | D18: =IF(SUM('PD50 Serial3'!D16:I16)>0,IF(SUM('PD50 Ref'!D16:I16)>0,(SUM('PD50 Serial3'!D16:I16))/(SUM('PD50 Ref'!D16:I16))," ")," ") -> #DIV/0!
B21: 8. Values for TWS | C21: *Final Number | D21: =IF(D15>0,IF(E14<51,IF(E9>0,LOG(D7)*D15," ")," ")," ") -> #DIV/0! | E21: =IF(E15>0,IF(F14<51,IF(F9>0,LOG(D7)*E15," ")," ")," ") -> #DIV/0! | F21: =IF(F15>0,IF(G14<51,IF(G9>0,LOG(D7)*F15," ")," ")," ") -> #DIV/0! | G21: =IF(G15>0,IF(H14<51,IF(H9>0,LOG(D7)*G15," ")," ")," ") -> #DIV/0! | H21: =IF(H15>0,IF(I14<51,IF(I9>0,LOG(D7)*H15," ")," ")," ") -> #DIV/0!
C22: Inverse Log(Fin Num) | D22: =IF(D15>0,IF(E14<51,IF(E9>0,10^(D21)," ")," ")," ") -> #DIV/0! | E22: =IF(E15>0,IF(F14<51,IF(F9>0,10^(E21)," ")," ")," ") -> #DIV/0! | F22: =IF(F15>0,IF(G14<51,IF(G9>0,10^(F21)," ")," ")," ") -> #DIV/0! | G22: =IF(G15>0,IF(H14<51,IF(H9>0,10^(G21)," ")," ")," ") -> #DIV/0! | H22: =IF(H15>0,IF(I14<51,IF(I9>0,10^(H21)," ")," ")," ") -> #DIV/0!
C26: *Final Number = prop dist X Log(Dil Factor)

Sheet CFU per dose
E2: Test ID: | F2: ='LD50'!F2 -> 827-2251
B3: Colony Forming Units/Dose
B5: 1. Enter the challenge identification | C5: Challenge identification:
B6: 2. Enter the starting dilution | C6: Initial dilution:
B7: 3. Enter the dilution factor | C7: Dilution factor:
B8: 4. Enter the challenge dilution | C8: Challenge dilution:
B9: 5. Enter your plated Volume (mL) | C9: Plated volume:
B10: 6. Enter your challenge dose (mL) | C10: Challenge dose:
B11: This is your calculated dilution series: | D11: =D6 -> 0 | E11: =D11/D7 -> #DIV/0! | F11: =E11/D7 -> #DIV/0! | G11: =F11/D7 -> #DIV/0! | H11: =G11/D7 -> #DIV/0! | I11: =H11/D7 -> #DIV/0!
B12: 6. Enter Plate 1 Colony Counts | C12: colonies
B13: 7. Enter Plate 2 Colony Counts | C13: colonies
B14: 8. Enter Plate 3 Colony Counts | C14: colonies
B15: These are calculated | C15: Total Colonies: | D15: =SUM(D12:D14) -> 0 | E15: =SUM(E12:E14) -> 0 | F15: =SUM(F12:F14) -> 0 | G15: =SUM(G12:G14) -> 0 | H15: =SUM(H12:H14) -> 0 | I15: =SUM(I12:I14) -> 0
C16: Average Colonies: | D16: =D15/3 -> 0 | E16: =E15/3 -> 0 | F16: =F15/3 -> 0 | G16: =G15/3 -> 0 | H16: =H15/3 -> 0 | I16: =I15/3 -> 0
B17: 7. This is the CFU/dose | C17: CFU/dose: | D17: =IF(D16>30,IF(D16<300,D16*(1/D11)*(1/D9)*D8*D10," ")," ") | E17: =IF(E16>30,IF(E16<300,E16*(1/E11)*(1/D9)*D8*D10," ")," ") | F17: =IF(F16>30,IF(F16<300,F16*(1/F11)*(1/D9)*D8*D10," ")," ") | G17: =IF(G16>30,IF(G16<300,G16*(1/G11)*(1/D9)*D8*D10," ")," ") | H17: =IF(H16>30,IF(H16<300,H16*(1/H11)*(1/D9)*D8*D10," ")," ") | I17: =IF(I16>30,IF(I16<300,I16*(1/I11)*(1/D9)*D8*D10," ")," ")
C18: Scientific CFR/Dose | D18: =D17

Sheet Sheet1
B2: Result | C2: LD50 | E2: 3/3 | I2: 3/3
B3: 100 LD50 | C3: 1:1778 | E3: 3/3 | G3: 1:3163 | I3: 3/3
B4: Log10 | C4: 5.25 | E4: 2/3 | G4: 5.5 | I4: 0/3
F12: ref | G12: s1 | H12: s2 | I12: s3
F13: =94.4-50 -> 44.4 | G13: =100-50 -> 50 | H13: =100-50 -> 50 | I13: =81.8-50 -> 31.8
B14: =2.5*550 -> 1375 | F14: =94.4-31.8 -> 62.6 | G14: =100-45 -> 55 | H14: =100-45 -> 55 | I14: =81.8-L26 -> 77.635
B15: =B14/100 -> 13.75 | F15: =F13/F14 -> 0.70926518 | G15: =G13/G14 -> 0.90909091 | H15: =H13/H14 -> 0.90909091 | I15: =I13/I14 -> 0.40960907
B16: =15*6 -> 90 | F16: =F15*(LOG(5)) -> 0.49575508 | G16: =G15*(LOG(5)) -> 0.63542728 | H16: =H15*(LOG(5)) -> 0.63542728 | I16: =I15*(LOG(5)) -> 0.28630445
B17: =B16/13.75 -> 6.5454545 | F17: =10^F16 -> 3.1315192 | G17: =10^G16 -> 4.3194383 | H17: =10^H16 -> 4.3194383 | I17: =10^I16 -> 1.9333232
F18: =F17*5 -> 15.657596 | G18: =G17*5 -> 21.597192 | H18: =H17*5 -> 21.597192 | I18: =I17*5 -> 9.6666158
B19: =16+19+20 -> 55 | G19: =G18/F18 -> 1.3793427 | H19: =H18/F18 -> 1.3793427 | I19: =I18/F18 -> 0.61737547
B20: =B19/3 -> 18.333333
G26: =750*2.5/100 -> 18.75 | L26: =8.33/2 -> 4.165
